{"cameraMode":{"drawMode":0,"name":"Shaded","section":"Shading Mode"},"sceneLighting":true,"audioPlay":false,"sceneViewState":{"m_AlwaysRefresh":false,"showFog":true,"showSkybox":true,"showFlares":true,"showImageEffects":true,"showParticleSystems":true,"showVisualEffectGraphs":true,"m_FxEnabled":false},"in2DMode":false,"pivot":{"x":182.60626220703126,"y":-230.11514282226563,"z":-303.5660095214844},"rotation":{"x":0.05976276844739914,"y":0.9401511549949646,"z":-0.24387392401695252,"w":0.23037607967853547},"size":241.02818298339845,"orthographic":false}