{"cameraMode":{"drawMode":0,"name":"Shaded","section":"Shading Mode"},"sceneLighting":true,"audioPlay":false,"sceneViewState":{"m_AlwaysRefresh":false,"showFog":true,"showSkybox":true,"showFlares":true,"showImageEffects":true,"showParticleSystems":true,"showVisualEffectGraphs":true,"m_FxEnabled":false},"in2DMode":false,"pivot":{"x":6.766547679901123,"y":0.4344257712364197,"z":-14.012601852416993},"rotation":{"x":0.0007198625826276839,"y":0.9934544563293457,"z":-0.006267179735004902,"w":0.11405196785926819},"size":47.29776382446289,"orthographic":false}