{"cameraMode":{"drawMode":0,"name":"Shaded","section":"Shading Mode"},"sceneLighting":true,"audioPlay":false,"sceneViewState":{"m_AlwaysRefresh":false,"showFog":true,"showSkybox":true,"showFlares":true,"showImageEffects":true,"showParticleSystems":true,"showVisualEffectGraphs":true,"m_FxEnabled":false},"in2DMode":false,"pivot":{"x":16.519943237304689,"y":5.20756721496582,"z":131.6026611328125},"rotation":{"x":-0.023367829620838167,"y":0.1641969084739685,"z":0.0038950741291046144,"w":0.9861472845077515},"size":33.30968475341797,"orthographic":false}