{"cameraMode":{"drawMode":0,"name":"Shaded","section":"Shading Mode"},"sceneLighting":false,"audioPlay":false,"sceneViewState":{"m_AlwaysRefresh":false,"showFog":true,"showSkybox":false,"showFlares":true,"showImageEffects":true,"showParticleSystems":true,"showVisualEffectGraphs":true,"m_FxEnabled":false},"in2DMode":false,"pivot":{"x":0.4837069511413574,"y":1.003050684928894,"z":80.17383575439453},"rotation":{"x":0.039533235132694247,"y":0.9303680658340454,"z":-0.10539864748716355,"w":0.34892457723617556},"size":1.8789796829223633,"orthographic":false}